cusid,cusnm,sgmnt
ZZXJM-553500000,Jessica Myrick,Consumer
ZZXGZ-454500000,George Zrebassa,Corporate
ZZXBS-136500000,Bill Shonely,Corporate
ZZXSR-2042500000,Sharelle Roach,Home Office
ZZXHG-496500000,Henry Goldwyn,Corporate
ZZXSC-2030500000,Sean Christensen,Consumer
ZZXTG-1131000000,Toby Gnade,Consumer
ZZXRS-1976500000,Roland Schwarz,Corporate
ZZXAC-1061500000,Ann Chong,Corporate
ZZXJL-1583500000,John Lee,Consumer
ZZXGH-1466500000,Greg Hansen,Consumer
ZZXCA-226500000,Christina Anderson,Consumer
ZZXBP-1118500000,Ben Peterman,Corporate
ZZXNP-1867000000,Nora Paige,Consumer
ZZXRL-961500000,Rob Lucas,Consumer
ZZXEH-412500000,Eugene Hildebrand,Home Office
ZZXRL-1961500000,Rob Lucas,Consumer
ZZXAG-1067500000,Anna Gayman,Consumer
ZZXMM-1828000000,Muhammed MacIntyre,Corporate
ZZXMA-1799500000,Michelle Arnett,Home Office
ZZXEM-396000000,Eric Murdock,Consumer
ZZXBD-156000000,Brendan Dodson,Home Office
ZZXLR-1703500000,Lisa Ryan,Corporate
ZZXMY-1829500000,Muhammed Yedwab,Corporate
ZZXSA-1083000000,Sue Ann Reed,Consumer
ZZXPC-900000000,Pauline Chand,Home Office
ZZXMT-1781500000,Meg Tillman,Consumer
ZZXGM-1468000000,Greg Matthias,Consumer
ZZXJM-1525000000,Janet Martin,Consumer
ZZXJC-1577500000,John Castell,Consumer
ZZXJO-1528000000,Jas O'Carroll,Consumer
ZZXSM-1090500000,Susan MacKendrick,Consumer
ZZXRS-976500000,Roland Schwarz,Corporate
ZZXAG-33000000,Alex Grayson,Consumer
ZZXNL-1831000000,Nancy Lomonaco,Home Office
ZZXCM-223500000,Chris McAfee,Consumer
ZZXMD-1786000000,Michael Dominguez,Corporate
ZZXCM-1223500000,Chris McAfee,Consumer
ZZXJR-621000000,Justin Ritter,Corporate
ZZXAO-81000000,Anthony O'Donnell,Corporate
ZZXGW-1460500000,Giulietta Weimer,Consumer
ZZXJK-1562500000,Jim Karlsson,Consumer
ZZXMF-825000000,Monica Federle,Corporate
ZZXCM-216000000,Charles McCrossin,Consumer
ZZXVG-2179000000,Vivek Gonzalez,Consumer
ZZXBF-1102000000,Barry Französisch,Corporate
ZZXTS-2161000000,Troy Staebel,Consumer
ZZXSP-2065000000,Stephanie Phelps,Corporate
ZZXSR-1074000000,Steven Roelle,Home Office
ZZXSC-2002000000,Sam Craven,Consumer
ZZXLO-1717000000,Lori Olson,Corporate
ZZXBD-132000000,Bill Donatelli,Consumer
ZZXJB-1592500000,Joni Blumstein,Consumer
ZZXJF-519000000,Jamie Frazer,Consumer
ZZXFC-433500000,Fred Chung,Corporate
ZZXJL-583500000,John Lee,Consumer
ZZXJK-1537000000,Jay Kimmel,Consumer
ZZXDB-321000000,Dean Braden,Consumer
ZZXKH-633000000,Katharine Harms,Corporate
ZZXBS-166500000,Brian Stugart,Consumer
ZZXNM-1844500000,Nathan Mautz,Home Office
ZZXRC-1982500000,Roy Collins,Consumer
ZZXSW-2024500000,Scot Wooten,Consumer
ZZXDO-1364500000,Doug O'Connell,Consumer
ZZXBE-145500000,Brad Eason,Home Office
ZZXJL-1517500000,James Lanier,Home Office
ZZXCC-247500000,Cindy Chapman,Consumer
ZZXKD-627000000,Karen Daniels,Consumer
ZZXNG-843000000,Nathan Gelder,Consumer
ZZXTB-2125000000,Tim Brockman,Consumer
ZZXSF-1096500000,Sylvia Foulston,Corporate
ZZXAB-25500000,Alejandro Ballentine,Home Office
ZZXBD-1156000000,Brendan Dodson,Home Office
ZZXBG-169500000,Brooke Gillingham,Corporate
ZZXRD-1993000000,Russell D'Ascenzo,Consumer
ZZXKT-646500000,Kean Takahito,Consumer
ZZXDF-1313500000,David Flashing,Consumer
ZZXTS-2150500000,Tony Sayre,Consumer
ZZXRP-1927000000,Rachel Payne,Corporate
ZZXRH-1955500000,Ritsa Hightower,Consumer
ZZXSL-2015500000,Sara Luxemburg,Home Office
ZZXEH-1376500000,Edward Hooks,Corporate
ZZXAG-1052500000,Andy Gerbode,Corporate
ZZXPO-885000000,Patrick O'Brill,Consumer
ZZXTT-2107000000,Ted Trevino,Consumer
ZZXSN-1056000000,Skye Norling,Home Office
ZZXJL-513000000,Jack Lebron,Consumer
ZZXSS-1041000000,Shahid Shariari,Consumer
ZZXMH-1811500000,Mick Hernandez,Home Office
ZZXPB-910500000,Peter Bühler,Consumer
ZZXNR-1855000000,Nick Radford,Consumer
ZZXMG-768000000,Maureen Gastineau,Home Office
ZZXAG-1039000000,Allen Goldenen,Consumer
ZZXHK-489000000,Heather Kirkland,Corporate
ZZXCM-1193500000,Carlos Meador,Consumer
ZZXDC-328500000,Debra Catini,Consumer
ZZXJB-1604500000,Julia Barnett,Home Office
ZZXLS-1720000000,Luke Schmidt,Corporate
ZZXML-1775500000,Max Ludwig,Home Office
ZZXGR-1456000000,Georgia Rosenberg,Corporate
ZZXJL-1585000000,John Lucas,Consumer
ZZXMW-1823500000,Mitch Willingham,Corporate
ZZXDP-1310500000,Dave Poirier,Corporate
ZZXBS-138000000,Bill Stewart,Corporate
ZZXHW-493500000,Helen Wasserman,Corporate
ZZXDJ-351000000,Don Jones,Corporate
ZZXED-388500000,Emily Ducich,Home Office
ZZXNR-855000000,Nick Radford,Consumer
ZZXSM-1032000000,Sean Miller,Home Office
ZZXJK-1520500000,Jamie Kunitz,Consumer
ZZXMK-1790500000,Michael Kennedy,Corporate
ZZXEM-414000000,Eugene Moren,Home Office
ZZXRE-945000000,Richard Eichhorn,Consumer
ZZXFH-427500000,Frank Hawley,Corporate
ZZXMO-1795000000,Michael Oakman,Consumer
ZZXDV-1304500000,Darrin Van Huff,Corporate
ZZXKH-1636000000,Katherine Hughes,Consumer
ZZXAA-37500000,Allen Armold,Consumer
ZZXLB-1679500000,Laurel Beltran,Home Office
ZZXRD-972000000,Roger Demir,Consumer
ZZXTS-1120500000,Thomas Seio,Corporate
ZZXJC-534000000,Jasper Cacioppo,Consumer
ZZXSO-1033500000,Sean O'Donnell,Consumer
ZZXTT-1122000000,Thomas Thornton,Consumer
ZZXME-801000000,Michelle Ellison,Corporate
ZZXBB-154500000,Brenda Bowman,Corporate
ZZXJM-1619500000,Justin MacKendrick,Consumer
ZZXBD-1160500000,Brian Dahlen,Consumer
ZZXSG-2008000000,Sandra Glassco,Consumer
ZZXHM-498000000,Henry MacAllister,Consumer
ZZXST-2053000000,Shui Tom,Consumer
ZZXGT-471000000,Greg Tran,Consumer
ZZXNS-850500000,Neola Schneider,Consumer
ZZXIM-1505500000,Ionia McGrath,Consumer
ZZXSM-2090500000,Susan MacKendrick,Consumer
ZZXAG-1030000000,Aleksandra Gannaway,Corporate
ZZXAS-28500000,Alejandro Savely,Corporate
ZZXDC-1285000000,Dan Campbell,Consumer
ZZXJM-1565500000,Jim Mitchum,Corporate
ZZXJO-1555000000,Jesus Ocampo,Home Office
ZZXRP-985500000,Roy Phan,Corporate
ZZXJS-594000000,Joni Sundaresam,Home Office
ZZXBM-1178500000,Bryan Mills,Consumer
ZZXPJ-1883500000,Patrick Jones,Corporate
ZZXMP-1796500000,Michael Paige,Corporate
ZZXAC-61500000,Ann Chong,Corporate
ZZXJA-1597000000,Joseph Airdo,Consumer
ZZXHA-490500000,Helen Abelman,Consumer
ZZXVM-1183500000,Vivian Mathis,Consumer
ZZXTS-1116000000,Theresa Swint,Corporate
ZZXVT-2170000000,Valerie Takahito,Home Office
ZZXRM-937500000,Raymond Messe,Consumer
ZZXDH-307500000,Dave Hallsten,Corporate
ZZXJM-558000000,Jill Matthias,Consumer
ZZXMS-736500000,Maribeth Schnelling,Consumer
ZZXVP-1173000000,Victor Preis,Home Office
ZZXTP-2113000000,Theone Pippenger,Consumer
ZZXMG-1769500000,Maureen Gnade,Consumer
ZZXCS-246000000,Chuck Sachs,Consumer
ZZXCG-204000000,Catherine Glotzbach,Home Office
ZZXLA-678000000,Laura Armstrong,Corporate
ZZXMC-1757500000,Matt Collins,Consumer
ZZXLS-1724500000,Lynn Smith,Consumer
ZZXBD-1162000000,Brian DeCherney,Consumer
ZZXMG-814500000,Mike Gockenbach,Consumer
ZZXKL-1664500000,Ken Lonsdale,Consumer
ZZXTZ-2158000000,Tracy Zic,Consumer
ZZXSP-1054500000,Sibella Parks,Corporate
ZZXSN-2056000000,Skye Norling,Home Office
ZZXLS-720000000,Luke Schmidt,Corporate
ZZXKB-640500000,Katrina Bavinger,Home Office
ZZXPC-1874500000,Pamela Coakley,Corporate
ZZXSP-1092000000,Susan Pistek,Consumer
ZZXBD-163500000,Brian Derr,Consumer
ZZXCS-1249000000,Cindy Schnelling,Corporate
ZZXBS-1136500000,Bill Shonely,Corporate
ZZXGH-466500000,Greg Hansen,Consumer
ZZXJS-559500000,Jill Stevenson,Corporate
ZZXHE-480000000,Harold Engle,Corporate
ZZXRW-954000000,Rick Wilson,Corporate
ZZXRP-927000000,Rachel Payne,Corporate
ZZXSM-2000500000,Sally Matthias,Consumer
ZZXJD-615000000,Justin Deggeller,Corporate
ZZXLC-1688500000,Lena Creighton,Consumer
ZZXME-1772500000,Max Engle,Consumer
ZZXJL-1550500000,Jeremy Lonsdale,Consumer
ZZXRW-1969000000,Robert Waldorf,Consumer
ZZXBE-1133500000,Bill Eplett,Home Office
ZZXBM-165000000,Brian Moss,Corporate
ZZXCT-199500000,Carol Triggs,Consumer
ZZXDK-337500000,Dennis Kane,Consumer
ZZXJE-1547500000,Jeremy Ellison,Consumer
ZZXLM-706500000,Liz MacKendrick,Consumer
ZZXSV-2036500000,Seth Vernon,Consumer
ZZXMH-729000000,Marc Harrigan,Home Office
ZZXCA-1231000000,Christine Abelman,Corporate
ZZXPT-909000000,Pete Takahito,Consumer
ZZXDK-1283500000,Damala Kotsonis,Corporate
ZZXTB-1162500000,Trudy Brown,Consumer
ZZXDK-322500000,Dean Katz,Corporate
ZZXAM-1036000000,Alice McCarthy,Corporate
ZZXRR-1931500000,Ralph Ritter,Consumer
ZZXAS-22500000,Alan Schoenberger,Corporate
ZZXDp-1324000000,Dean percer,Home Office
ZZXMP-796500000,Michael Paige,Corporate
ZZXSC-2009500000,Sanjit Chand,Consumer
ZZXEM-1396000000,Eric Murdock,Consumer
ZZXBN-151500000,Bradley Nguyen,Consumer
ZZXMT-1807000000,Michelle Tran,Home Office
ZZXJC-1534000000,Jasper Cacioppo,Consumer
ZZXBS-1159000000,Brendan Sweed,Corporate
ZZXAM-1070500000,Anne McFarland,Consumer
ZZXAS-1013500000,Adrian Shami,Home Office
ZZXEG-1390000000,Emily Grady,Consumer
ZZXHG-1502500000,Hunter Glantz,Consumer
ZZXWB-2185000000,William Brown,Consumer
ZZXTS-2120500000,Thomas Seio,Corporate
ZZXJE-574500000,Joel Eaton,Consumer
ZZXBF-1121500000,Benjamin Farhat,Home Office
ZZXCM-1238500000,Christopher Martinez,Consumer
ZZXLW-699000000,Lindsay Williams,Corporate
ZZXDW-354000000,Don Weiss,Consumer
ZZXHD-478500000,Harold Dahlen,Home Office
ZZXDM-352500000,Don Miller,Corporate
ZZXMN-1793500000,Michael Nguyen,Consumer
ZZXSU-2066500000,Stephanie Ulpright,Home Office
ZZXBN-147000000,Brad Norvell,Corporate
ZZXBP-123000000,Benjamin Patterson,Consumer
ZZXSC-1030500000,Sean Christensen,Consumer
ZZXEH-1412500000,Eugene Hildebrand,Home Office
ZZXJL-550500000,Jeremy Lonsdale,Consumer
ZZXMW-822000000,Mitch Webber,Consumer
ZZXMB-808500000,Mick Brown,Consumer
ZZXLC-687000000,Lena Cacioppo,Consumer
ZZXNC-1841500000,Nathan Cano,Consumer
ZZXES-402000000,Erica Smith,Consumer
ZZXBO-135000000,Bill Overfelt,Corporate
ZZXBD-1177000000,Bryan Davis,Consumer
ZZXLS-1697500000,Lindsay Shagiari,Home Office
ZZXKE-1642000000,Katrina Edelman,Corporate
ZZXMZ-1751500000,Mary Zewe,Corporate
ZZXVB-1174500000,Victoria Brennan,Corporate
ZZXCR-1262500000,Corey Roper,Home Office
ZZXDE-1325500000,Deanra Eno,Home Office
ZZXCC-1243000000,Chuck Clark,Home Office
ZZXBD-1162000000,Brian DeCherney,Consumer
ZZXHA-1490500000,Helen Abelman,Consumer
ZZXMH-811500000,Mick Hernandez,Home Office
ZZXBM-114000000,Becky Martin,Consumer
ZZXCM-211500000,Chad McGuire,Consumer
ZZXSC-2026000000,Scott Cohen,Corporate
ZZXJM-526500000,Janet Molinari,Corporate
ZZXDB-1366000000,Duane Benoit,Consumer
ZZXCL-189000000,Carl Ludwig,Consumer
ZZXTB-1152000000,Tracy Blumstein,Consumer
ZZXSP-2054500000,Sibella Parks,Corporate
ZZXCM-1183000000,Cari MacIntyre,Corporate
ZZXMC-727500000,Marc Crier,Consumer
ZZXTR-1132500000,Toby Ritter,Consumer
ZZXNB-858000000,Nicole Brennan,Corporate
ZZXAR-57000000,Anemone Ratner,Consumer
ZZXKB-660000000,Ken Brennan,Corporate
ZZXNC-1834000000,Nat Carroll,Consumer
ZZXGP-1474000000,Guy Phonely,Corporate
ZZXDB-361500000,Doug Bickford,Consumer
ZZXTC-2147500000,Tony Chapman,Home Office
ZZXBD-172500000,Bruce Degenhardt,Consumer
ZZXMF-1766500000,Maureen Fritzler,Corporate
ZZXJM-1558000000,Jill Matthias,Consumer
ZZXRP-939000000,Resi Pölking,Consumer
ZZXNS-1850500000,Neola Schneider,Consumer
ZZXPR-888000000,Patrick Ryan,Consumer
ZZXKH-1651000000,Keith Herrera,Consumer
ZZXCG-1204000000,Catherine Glotzbach,Home Office
ZZXCJ-201000000,Caroline Jumper,Consumer
ZZXBF-1108000000,Bart Folk,Consumer
ZZXLS-723000000,Lycoris Saunders,Consumer
ZZXSG-2060500000,Speros Goranitis,Consumer
ZZXLH-1675000000,Larry Hughes,Consumer
ZZXDV-304500000,Darrin Van Huff,Corporate
ZZXJE-561000000,Jim Epp,Corporate
ZZXHR-1483000000,Harold Ryan,Corporate
ZZXCo-264000000,Corey-Lock,Consumer
ZZXKD-1649500000,Keith Dawkins,Corporate
ZZXTW-1102500000,Tamara Willingham,Home Office
ZZXAP-1072000000,Anne Pryor,Home Office
ZZXTD-2099500000,Tamara Dahlen,Consumer
ZZXRH-955500000,Ritsa Hightower,Consumer
ZZXKA-652500000,Kelly Andreada,Consumer
ZZXDR-294000000,Daniel Raglin,Home Office
ZZXAS-1028500000,Alejandro Savely,Corporate
ZZXTC-1153500000,Tracy Collins,Home Office
ZZXBD-1156000000,Brendan Dodson,Home Office
ZZXNP-1868500000,Nora Pelletier,Home Office
ZZXTB-1117500000,Thomas Boland,Corporate
ZZXMV-748500000,Mark Van Huff,Consumer
ZZXJK-1609000000,Juliana Krohn,Consumer
ZZXEM-382500000,Elizabeth Moffitt,Corporate
ZZXDJ-363000000,Doug Jacobs,Consumer
ZZXPK-907500000,Pete Kriz,Consumer
ZZXEB-387000000,Emily Burns,Consumer
ZZXBD-1160500000,Brian Dahlen,Consumer
ZZXSE-2011000000,Sanjit Engle,Consumer
ZZXRA-991500000,Russell Applegate,Consumer
ZZXBP-105000000,Barry Pond,Corporate
ZZXML-1741000000,Maris LaWare,Consumer
ZZXBD-1150000000,Bradley Drucker,Consumer
ZZXEB-1375000000,Edward Becker,Corporate
ZZXKC-654000000,Kelly Collister,Consumer
ZZXBE-1141000000,Bobby Elias,Consumer
ZZXMH-778500000,Maya Herman,Corporate
ZZXNS-864000000,Noel Staavos,Corporate
ZZXPB-880500000,Patrick Bzostek,Home Office
ZZXSS-2041000000,Shahid Shariari,Consumer
ZZXHF-499500000,Herbert Flentye,Consumer
ZZXDK-289500000,Dana Kaydos,Consumer
ZZXEJ-1415500000,Eva Jacobs,Consumer
ZZXBK-126000000,Berenike Kampe,Consumer
ZZXBB-99000000,Barry Blumstein,Corporate
ZZXAS-1063000000,Ann Steele,Home Office
ZZXCY-1274500000,Craig Yedwab,Corporate
ZZXAC-45000000,Amy Cox,Consumer
ZZXSM-2095000000,Suzanne McNair,Corporate
ZZXLS-697500000,Lindsay Shagiari,Home Office
ZZXEM-420000000,Evan Minnotte,Home Office
ZZXTP-2156500000,Tracy Poddar,Corporate
ZZXAS-1004500000,Aaron Smayling,Corporate
ZZXSC-1057500000,Sonia Cooley,Consumer
ZZXLB-673500000,Larry Blacks,Consumer
ZZXGD-1459000000,Giulietta Dortch,Corporate
ZZXAG-90000000,Arthur Gainer,Consumer
ZZXKT-648000000,Kean Thornton,Consumer
ZZXBS-1166500000,Brian Stugart,Consumer
ZZXJK-1573000000,Joe Kamberova,Consumer
ZZXRH-960000000,Rob Haberlin,Consumer
ZZXEB-1411000000,Eugene Barchas,Consumer
ZZXSC-1038000000,Shahid Collister,Consumer
ZZXKN-639000000,Katherine Nockton,Corporate
ZZXEG-390000000,Emily Grady,Consumer
ZZXSV-2078500000,Stewart Visinsky,Consumer
ZZXFA-423000000,Frank Atkinson,Corporate
ZZXAG-49500000,Andrew Gjertsen,Corporate
ZZXJH-1598500000,Joseph Holt,Consumer
ZZXCS-186000000,Cari Schnelling,Consumer
ZZXSZ-1003500000,Sam Zeldin,Home Office
ZZXJW-1522000000,Jane Waco,Corporate
ZZXEH-399000000,Erica Hackney,Consumer
ZZXDM-1334500000,Denise Monton,Corporate
ZZXDR-288000000,Dan Reichenbach,Corporate
ZZXNP-870000000,Nora Preis,Consumer
ZZXRM-975000000,Roland Murray,Consumer
ZZXRH-949500000,Rick Hansen,Consumer
ZZXCS-195000000,Carlos Soltero,Consumer
ZZXPB-915000000,Philip Brown,Consumer
ZZXKT-1648000000,Kean Thornton,Consumer
ZZXSC-1026000000,Scott Cohen,Corporate
ZZXYS-2188000000,Yana Sorensen,Corporate
ZZXJE-1616500000,Justin Ellison,Corporate
ZZXLP-708000000,Liz Pelletier,Consumer
ZZXRB-979500000,Ross Baird,Home Office
ZZXCB-1202500000,Cassandra Brandow,Consumer
ZZXEM-1382500000,Elizabeth Moffitt,Corporate
ZZXTP-1141500000,Tom Prescott,Consumer
ZZXMT-781500000,Meg Tillman,Consumer
ZZXCH-207000000,Cathy Hwang,Home Office
ZZXAH-3000000,Aaron Hawkins,Corporate
ZZXEB-411000000,Eugene Barchas,Consumer
ZZXPB-1880500000,Patrick Bzostek,Home Office
ZZXMO-780000000,Meg O'Connel,Home Office
ZZXDP-300000000,Darren Powers,Consumer
ZZXDS-303000000,Darrin Sayre,Home Office
ZZXSB-1018500000,Sarah Brown,Consumer
ZZXBB-1154500000,Brenda Bowman,Corporate
ZZXTB-2135500000,Todd Boyes,Corporate
ZZXJO-555000000,Jesus Ocampo,Home Office
ZZXEM-1381000000,Eleni McCrary,Corporate
ZZXJG-580500000,John Grady,Corporate
ZZXEB-397500000,Erica Bern,Corporate
ZZXAC-1042000000,Alyssa Crouse,Corporate
ZZXRB-1979500000,Ross Baird,Home Office
ZZXBF-102000000,Barry Französisch,Corporate
ZZXCA-205500000,Cathy Armstrong,Home Office
ZZXFO-430500000,Frank Olsen,Consumer
ZZXDK-1309000000,Dave Kipp,Consumer
ZZXFM-438000000,Fred McMath,Consumer
ZZXCP-1234000000,Christine Phan,Corporate
ZZXRA-994500000,Ryan Akin,Consumer
ZZXHJ-487500000,Heather Jas,Home Office
ZZXSW-2075500000,Steven Ward,Corporate
ZZXML-1826500000,Muhammed Lee,Consumer
ZZXML-775500000,Max Ludwig,Home Office
ZZXAI-85500000,Arianne Irving,Consumer
ZZXSL-1015500000,Sara Luxemburg,Home Office
ZZXKN-670500000,Kristina Nunn,Home Office
ZZXKM-1622500000,Kalyca Meade,Corporate
ZZXBP-1129000000,Beth Paige,Consumer
ZZXJS-1603000000,Joy Smith,Consumer
ZZXEB-384000000,Ellis Ballard,Corporate
ZZXVM-2168500000,Valerie Mitchum,Home Office
ZZXJW-1607500000,Julia West,Consumer
ZZXNM-1852000000,Neoma Murray,Consumer
ZZXEM-1414000000,Eugene Moren,Home Office
ZZXLL-1684000000,Lauren Leatherbury,Consumer
ZZXAW-84000000,Anthony Witt,Consumer
ZZXRM-967500000,Robert Marley,Home Office
ZZXTH-2155000000,Tracy Hopkins,Home Office
ZZXVG-1179000000,Vivek Gonzalez,Consumer
ZZXMO-795000000,Michael Oakman,Consumer
ZZXMC-759000000,Matt Collister,Corporate
ZZXMC-1727500000,Marc Crier,Consumer
ZZXCM-1265500000,Corinna Mitchell,Home Office
ZZXBW-1111000000,Bart Watters,Corporate
ZZXEB-1384000000,Ellis Ballard,Corporate
ZZXAF-1087000000,Art Ferguson,Consumer
ZZXJF-1529500000,Jason Fortune-,Consumer
ZZXFC-1433500000,Fred Chung,Corporate
ZZXHP-481500000,Harold Pawlan,Home Office
ZZXEB-393000000,Eric Barreto,Consumer
ZZXCA-231000000,Christine Abelman,Corporate
ZZXMV-819000000,Mike Vittorini,Consumer
ZZXBD-162000000,Brian DeCherney,Consumer
ZZXEM-381000000,Eleni McCrary,Corporate
ZZXDS-1318000000,David Smith,Corporate
ZZXVM-2183500000,Vivian Mathis,Consumer
ZZXRB-1936000000,Raymond Buch,Consumer
ZZXDO-364500000,Doug O'Connell,Consumer
ZZXHA-1492000000,Helen Andreada,Consumer
ZZXTH-1155000000,Tracy Hopkins,Home Office
ZZXCL-1189000000,Carl Ludwig,Consumer
ZZXCM-238500000,Christopher Martinez,Consumer
ZZXJJ-544500000,Jennifer Jackson,Consumer
ZZXAR-82500000,Anthony Rawles,Corporate
ZZXAS-13500000,Adrian Shami,Home Office
ZZXJL-1523500000,Janet Lee,Consumer
ZZXAY-55500000,Andy Yotov,Corporate
ZZXRO-1978000000,Rose O'Brian,Consumer
ZZXCV-1280500000,Cynthia Voltz,Corporate
ZZXMG-1814500000,Mike Gockenbach,Consumer
ZZXRK-930000000,Ralph Kennedy,Consumer
ZZXSC-1005000000,Sample Company A,Home Office
ZZXCL-256500000,Clay Ludtke,Consumer
ZZXPN-1877500000,Parhena Norris,Home Office
ZZXLH-690000000,Lena Hernandez,Consumer
ZZXAS-4500000,Aaron Smayling,Corporate
ZZXGH-442500000,Gary Hwang,Consumer
ZZXTM-1149000000,Tony Molinari,Consumer
ZZXRD-948000000,Rick Duston,Consumer
ZZXJH-598500000,Joseph Holt,Consumer
ZZXCS-240000000,Christopher Schild,Home Office
ZZXIM-507000000,Irene Maddox,Consumer
ZZXJM-1553500000,Jessica Myrick,Consumer
ZZXLR-691500000,Lena Radford,Consumer
ZZXBM-157500000,Brendan Murry,Corporate
ZZXMR-1754500000,Mathew Reese,Home Office
ZZXNP-1867000000,Nora Paige,Consumer
ZZXTG-2164000000,Trudy Glocke,Consumer
ZZXFW-1439500000,Fred Wasserman,Corporate
ZZXRC-982500000,Roy Collins,Consumer
ZZXPK-1891000000,Paul Knutson,Home Office
ZZXPM-1913500000,Peter McVee,Home Office
ZZXBP-1105000000,Barry Pond,Corporate
ZZXDB-1321000000,Dean Braden,Consumer
ZZXMH-1744000000,Mark Haberlin,Corporate
ZZXDM-295500000,Dario Medina,Corporate
ZZXCC-1222000000,Chris Cortes,Consumer
ZZXSC-2044000000,Shaun Chance,Corporate
ZZXSP-1065000000,Stephanie Phelps,Corporate
ZZXDJ-342000000,Denny Joy,Corporate
ZZXHW-1493500000,Helen Wasserman,Corporate
ZZXSV-1093500000,Susan Vittorini,Consumer
ZZXLC-1696000000,Lindsay Castell,Home Office
ZZXAS-9000000,Adam Shillingsburg,Consumer
ZZXKF-628500000,Karen Ferguson,Home Office
ZZXEP-391500000,Emily Phan,Consumer
ZZXAH-1019500000,Alan Haines,Corporate
ZZXZD-2192500000,Zuschuss Donatelli,Consumer
ZZXJF-1535500000,Jay Fein,Consumer
ZZXCo-1264000000,Corey-Lock,Consumer
ZZXJK-573000000,Joe Kamberova,Consumer
ZZXEH-1400500000,Erica Hernandez,Home Office
ZZXCW-190500000,Carl Weiss,Home Office
ZZXMJ-1774000000,Max Jones,Consumer
ZZXSE-1011000000,Sanjit Engle,Consumer
ZZXGM-450000000,Gene McClure,Consumer
ZZXNC-1853500000,Nick Crebassa,Corporate
ZZXPG-1882000000,Patrick Gardner,Consumer
ZZXMH-1802500000,Michelle Huthwaite,Consumer
ZZXMM-805500000,Michelle Moray,Consumer
ZZXLT-711000000,Liz Thompson,Consumer
ZZXRM-1937500000,Raymond Messe,Consumer
ZZXAT-1043500000,Alyssa Tate,Home Office
ZZXSB-2029000000,Sean Braxton,Corporate
ZZXSC-2072500000,Steven Cartwright,Consumer
ZZXBS-1180000000,Bryan Spruell,Home Office
ZZXPB-1910500000,Peter Bühler,Consumer
ZZXSK-999000000,Sally Knutson,Consumer
ZZXRH-1960000000,Rob Haberlin,Consumer
ZZXSC-1077000000,Stewart Carmichael,Corporate
ZZXEM-409500000,Eudokia Martin,Corporate
ZZXHP-1481500000,Harold Pawlan,Home Office
ZZXTA-1138500000,Tom Ashbrook,Home Office
ZZXLB-1673500000,Larry Blacks,Consumer
ZZXKC-1625500000,Karen Carlisle,Corporate
ZZXTS-2108500000,Thais Sissman,Consumer
ZZXJK-612000000,Julie Kriz,Home Office
ZZXMS-783000000,Melanie Seite,Consumer
ZZXJE-1571500000,Joe Elijah,Consumer
ZZXTM-2101000000,Tamara Manning,Consumer
ZZXQJ-925500000,Quincy Jones,Corporate
ZZXRD-1990000000,Ruben Dartt,Consumer
ZZXSB-2018500000,Sarah Brown,Consumer
ZZXSG-1089000000,Susan Gilcrest,Corporate
ZZXHM-1498000000,Henry MacAllister,Consumer
ZZXRB-957000000,Rob Beeghly,Consumer
ZZXJF-556500000,Jill Fjeld,Consumer
ZZXAC-66000000,Anna Chung,Consumer
ZZXRD-981000000,Ross DeVincentis,Home Office
ZZXPO-1886500000,Patrick O'Donnell,Consumer
ZZXGG-465000000,Greg Guthrie,Corporate
ZZXAP-91500000,Arthur Prichep,Consumer
ZZXAA-1048000000,Andrew Allen,Consumer
ZZXBD-160500000,Brian Dahlen,Consumer
ZZXCB-1241500000,Christy Brittain,Consumer
ZZXKH-669000000,Kristen Hastings,Corporate
ZZXSH-2063500000,Stefanie Holloman,Corporate
ZZXEB-1417000000,Evan Bailliet,Consumer
ZZXEH-394500000,Eric Hoffmann,Consumer
ZZXFC-1424500000,Frank Carlisle,Home Office
ZZXGT-463500000,Grant Thornton,Corporate
ZZXAG-1090000000,Arthur Gainer,Consumer
ZZXSO-2033500000,Sean O'Donnell,Consumer
ZZXEH-1399000000,Erica Hackney,Consumer
ZZXJR-1570000000,Jocasta Rupert,Consumer
ZZXSV-1081500000,Stuart Van,Corporate
ZZXAJ-1079500000,Anthony Johnson,Corporate
ZZXPM-913500000,Peter McVee,Home Office
ZZXCV-1229500000,Christina VanderZanden,Consumer
ZZXAR-1051000000,Andrew Roberts,Consumer
ZZXMS-753000000,MaryBeth Skach,Consumer
ZZXDl-1360000000,Dorris liebe,Corporate
ZZXDG-1330000000,Deirdre Greer,Corporate
ZZXJC-577500000,John Castell,Consumer
ZZXSV-2093500000,Susan Vittorini,Consumer
ZZXZD-1192500000,Zuschuss Donatelli,Consumer
ZZXJJ-576000000,Joel Jenkins,Home Office
ZZXMC-763500000,Matthew Clasen,Corporate
ZZXPB-921000000,Phillip Breyer,Corporate
ZZXGM-1444000000,Gary McGarr,Consumer
ZZXSD-1048500000,Shirley Daniels,Home Office
ZZXJG-516000000,James Galang,Consumer
ZZXPC-874500000,Pamela Coakley,Corporate
ZZXJK-609000000,Juliana Krohn,Consumer
ZZXJD-1579000000,John Dryer,Consumer
ZZXFH-435000000,Fred Harton,Consumer
ZZXRM-1975000000,Roland Murray,Consumer
ZZXTS-2165500000,Trudy Schmidt,Consumer
ZZXEB-417000000,Evan Bailliet,Consumer
ZZXAG-30000000,Aleksandra Gannaway,Corporate
ZZXPL-892500000,Paul Lucas,Home Office
ZZXSJ-2021500000,Sarah Jordon,Consumer
ZZXLS-1694500000,Linda Southworth,Corporate
ZZXJF-549000000,Jeremy Farry,Consumer
ZZXTS-1143000000,Tom Stivers,Corporate
ZZXDR-1294000000,Daniel Raglin,Home Office
ZZXGK-462000000,Grace Kelly,Corporate
ZZXAG-67500000,Anna Gayman,Consumer
ZZXAA-48000000,Andrew Allen,Consumer
ZZXDp-324000000,Dean percer,Home Office
ZZXSG-1008000000,Sandra Glassco,Consumer
ZZXMG-1789000000,Michael Granlund,Home Office
ZZXAW-93000000,Arthur Wiediger,Home Office
ZZXFW-439500000,Fred Wasserman,Corporate
ZZXJK-1612000000,Julie Kriz,Home Office
ZZXPJ-1901500000,Pauline Johnson,Consumer
ZZXMF-766500000,Maureen Fritzler,Corporate
ZZXJG-511500000,Jack Garza,Consumer
ZZXKB-631500000,Karl Braun,Consumer
ZZXSG-2089000000,Susan Gilcrest,Corporate
ZZXTT-2146000000,Tonja Turnell,Home Office
ZZXBM-1165000000,Brian Moss,Corporate
ZZXKL-664500000,Ken Lonsdale,Consumer
ZZXBG-174000000,Bruce Geld,Consumer
ZZXMC-760500000,Matt Connell,Corporate
ZZXIL-1510000000,Ivan Liston,Consumer
ZZXJP-1613500000,Julie Prescott,Home Office
ZZXBF-1127500000,Beth Fritzler,Corporate
ZZXSS-2051500000,Shirley Schmidt,Home Office
ZZXKH-1633000000,Katharine Harms,Corporate
ZZXSF-2006500000,Sandra Flanagan,Consumer
ZZXNH-1861000000,Nicole Hansen,Corporate
ZZXRR-931500000,Ralph Ritter,Consumer
ZZXGT-1463500000,Grant Thornton,Corporate
ZZXAS-63000000,Ann Steele,Home Office
ZZXVM-1168500000,Valerie Mitchum,Home Office
ZZXDB-1312000000,David Bremer,Corporate
ZZXMG-820500000,Mitch Gastineau,Corporate
ZZXMP-1747000000,Mark Packer,Home Office
ZZXTP-1113000000,Theone Pippenger,Consumer
ZZXMA-1756000000,Matt Abelman,Home Office
ZZXJE-547500000,Jeremy Ellison,Consumer
ZZXDB-366000000,Duane Benoit,Consumer
ZZXCC-267000000,Craig Carreira,Consumer
ZZXCC-1237000000,Christopher Conant,Consumer
ZZXCS-235500000,Christine Sundaresam,Consumer
ZZXPF-1922500000,Phillip Flathmann,Consumer
ZZXRO-978000000,Rose O'Brian,Consumer
ZZXJE-571500000,Joe Elijah,Consumer
ZZXCL-270000000,Craig Leslie,Home Office
ZZXPJ-883500000,Patrick Jones,Corporate
ZZXCC-214500000,Charles Crestani,Consumer
ZZXTB-2128000000,Toby Braunhardt,Consumer
ZZXAG-52500000,Andy Gerbode,Corporate
ZZXSR-1042500000,Sharelle Roach,Home Office
ZZXJD-601500000,Joy Daniels,Consumer
ZZXBW-111000000,Bart Watters,Corporate
ZZXES-1402000000,Erica Smith,Consumer
ZZXDB-1355500000,Dorothy Badders,Corporate
ZZXBD-1150000000,Bradley Drucker,Consumer
ZZXRE-940500000,Ricardo Emerson,Consumer
ZZXEP-1391500000,Emily Phan,Consumer
ZZXAJ-78000000,Anthony Jacobs,Corporate
ZZXCB-1253500000,Claudia Bergmann,Corporate
ZZXBT-168000000,Brian Thompson,Consumer
ZZXAR-1057000000,Anemone Ratner,Consumer
ZZXAA-1031500000,Alex Avila,Consumer
ZZXBC-1112500000,Becky Castell,Home Office
ZZXCH-1207000000,Cathy Hwang,Home Office
ZZXLC-705000000,Liz Carlisle,Consumer
ZZXNK-849000000,Neil Knudson,Home Office
ZZXJG-1511500000,Jack Garza,Consumer
ZZXJG-1516000000,James Galang,Consumer
ZZXAH-1058500000,Angele Hood,Consumer
ZZXBG-103500000,Barry Gonzalez,Consumer
ZZXMM-1805500000,Michelle Moray,Consumer
ZZXDC-285000000,Dan Campbell,Consumer
ZZXJS-1568500000,Jim Sink,Corporate
ZZXCV-280500000,Cynthia Voltz,Corporate
ZZXKW-1643500000,Katrina Willman,Consumer
ZZXDS-318000000,David Smith,Corporate
ZZXCD-228000000,Christina DeMoss,Consumer
ZZXMC-784500000,Michael Chen,Consumer
ZZXRD-993000000,Russell D'Ascenzo,Consumer
ZZXSB-2017000000,Sarah Bern,Consumer
ZZXMH-744000000,Mark Haberlin,Corporate
ZZXBO-142500000,Bobby Odegard,Consumer
ZZXKC-1667500000,Kimberly Carter,Corporate
ZZXBF-100500000,Barry Franz,Home Office
ZZXMC-757500000,Matt Collins,Consumer
ZZXJK-537000000,Jay Kimmel,Consumer
ZZXBT-139500000,Bill Tyler,Corporate
ZZXKM-1637500000,Katherine Murray,Home Office
ZZXJF-1541500000,Jennifer Ferguson,Consumer
ZZXMC-1810000000,Mick Crebagga,Consumer
ZZXEM-1406500000,Erin Mull,Consumer
ZZXTB-1125000000,Tim Brockman,Consumer
ZZXKL-1655500000,Kelly Lampkin,Corporate
ZZXJF-541500000,Jennifer Ferguson,Consumer
ZZXDB-1306000000,Dave Brooks,Consumer
ZZXAS-1009000000,Adam Shillingsburg,Consumer
ZZXLW-1721500000,Luke Weiss,Consumer
ZZXRP-1939000000,Resi Pölking,Consumer
ZZXJK-562500000,Jim Karlsson,Consumer
ZZXAH-7500000,Adam Hart,Corporate
ZZXZC-2191000000,Zuschuss Carroll,Consumer
ZZXTC-2114500000,Theresa Coyne,Corporate
ZZXSC-1069500000,Steve Chapman,Corporate
ZZXJM-1586500000,John Murray,Consumer
ZZXSA-2083000000,Sue Ann Reed,Consumer
ZZXVP-2176000000,Victoria Pisteka,Corporate
ZZXIG-1508500000,Ivan Gibson,Consumer
ZZXMC-1763500000,Matthew Clasen,Corporate
ZZXBT-1130500000,Beth Thompson,Home Office
ZZXTT-1146000000,Tonja Turnell,Home Office
ZZXEH-1394500000,Eric Hoffmann,Consumer
ZZXMC-1784500000,Michael Chen,Consumer
ZZXMS-1753000000,MaryBeth Skach,Consumer
ZZXLD-700500000,Lisa DeCherney,Consumer
ZZXRB-964500000,Robert Barroso,Corporate
ZZXLM-1706500000,Liz MacKendrick,Consumer
ZZXCK-232500000,Christine Kargatis,Home Office
ZZXKN-1645000000,Kean Nguyen,Corporate
ZZXPG-1889500000,Paul Gonzalez,Consumer
ZZXCW-1190500000,Carl Weiss,Home Office
ZZXMZ-751500000,Mary Zewe,Corporate
ZZXSC-1009500000,Sanjit Chand,Consumer
ZZXGH-1442500000,Gary Hwang,Consumer
ZZXRD-1958500000,Rob Dowd,Consumer
ZZXBS-159000000,Brendan Sweed,Corporate
ZZXCA-196500000,Carol Adams,Corporate
ZZXMB-1730500000,Maria Bertelson,Consumer
ZZXBS-180000000,Bryan Spruell,Home Office
ZZXRW-1954000000,Rick Wilson,Corporate
ZZXLO-717000000,Lori Olson,Corporate
ZZXSZ-2003500000,Sam Zeldin,Home Office
ZZXSB-1017000000,Sarah Bern,Consumer
ZZXEL-1373500000,Ed Ludwig,Home Office
ZZXAB-1015000000,Aimee Bixby,Consumer
ZZXAB-60000000,Ann Blume,Corporate
ZZXJE-1561000000,Jim Epp,Corporate
ZZXSC-2084500000,Sung Chung,Consumer
ZZXIM-1507000000,Irene Maddox,Consumer
ZZXSF-1006500000,Sandra Flanagan,Consumer
ZZXJF-1549000000,Jeremy Farry,Consumer
ZZXPH-879000000,Patricia Hirasaki,Home Office
ZZXIG-508500000,Ivan Gibson,Consumer
ZZXAB-1500000,Aaron Bergman,Consumer
ZZXCS-1213000000,Chad Sievert,Consumer
ZZXHD-1478500000,Harold Dahlen,Home Office
ZZXEB-1397500000,Erica Bern,Corporate
ZZXDM-1301500000,Darrin Martin,Consumer
ZZXTS-2143000000,Tom Stivers,Corporate
ZZXSC-1072500000,Steven Cartwright,Consumer
ZZXSF-2096500000,Sylvia Foulston,Corporate
ZZXBF-1097500000,Barbara Fisher,Corporate
ZZXML-1804000000,Michelle Lonsdale,Corporate
ZZXDW-319500000,David Wiener,Corporate
ZZXKC-1654000000,Kelly Collister,Consumer
ZZXJO-528000000,Jas O'Carroll,Consumer
ZZXMD-1735000000,Maribeth Dona,Consumer
ZZXDJ-1351000000,Don Jones,Corporate
ZZXFM-1438000000,Fred McMath,Consumer
ZZXSV-1036500000,Seth Vernon,Consumer
ZZXAA-64500000,Anna Andreadi,Consumer
ZZXKN-645000000,Kean Nguyen,Corporate
ZZXSF-1020000000,Sarah Foster,Consumer
ZZXBK-1126000000,Berenike Kampe,Consumer
ZZXMZ-1733500000,Maria Zettner,Home Office
ZZXSC-1044000000,Shaun Chance,Corporate
ZZXLC-1705000000,Liz Carlisle,Consumer
ZZXHG-502500000,Hunter Glantz,Consumer
ZZXEH-418500000,Evan Henry,Consumer
ZZXLL-684000000,Lauren Leatherbury,Consumer
ZZXTG-1164000000,Trudy Glocke,Consumer
ZZXJS-603000000,Joy Smith,Consumer
ZZXDL-349500000,Dionis Lloyd,Corporate
ZZXBP-129000000,Beth Paige,Consumer
ZZXKH-663000000,Ken Heidel,Corporate
ZZXCM-265500000,Corinna Mitchell,Home Office
ZZXDM-1352500000,Don Miller,Corporate
ZZXMV-1748500000,Mark Van Huff,Consumer
ZZXMD-735000000,Maribeth Dona,Consumer
ZZXLW-1699000000,Lindsay Williams,Corporate
ZZXDL-286500000,Dan Lawera,Consumer
ZZXAB-10500000,Adrian Barton,Consumer
ZZXCS-1217500000,Charles Sheldon,Corporate
ZZXTM-1101000000,Tamara Manning,Consumer
ZZXCM-181500000,Candace McMahon,Corporate
ZZXDJ-1342000000,Denny Joy,Corporate
ZZXAZ-1075000000,Annie Zypern,Consumer
ZZXTH-1123500000,Tiffany House,Corporate
ZZXKD-1634500000,Katherine Ducich,Consumer
ZZXRE-1940500000,Ricardo Emerson,Consumer
ZZXML-1739500000,Marina Lichtenstein,Corporate
ZZXMC-742500000,Mark Cousins,Corporate
ZZXFM-1429000000,Frank Merwin,Home Office
ZZXHM-486000000,Harry Marie,Corporate
ZZXAR-1040500000,Allen Rosenblatt,Corporate
ZZXAJ-94500000,Ashley Jarboe,Consumer
ZZXGM-444000000,Gary McGarr,Consumer
ZZXKB-1660000000,Ken Brennan,Corporate
ZZXLH-1715500000,Logan Haushalter,Consumer
ZZXMK-790500000,Michael Kennedy,Corporate
ZZXPW-1903000000,Pauline Webber,Corporate
ZZXRB-1933000000,Randy Bradley,Consumer
ZZXBD-177000000,Bryan Davis,Consumer
ZZXVG-2180500000,Vivek Grady,Corporate
ZZXDL-1333000000,Denise Leinenbach,Consumer
ZZXDL-331500000,Delfina Latchford,Consumer
ZZXLC-696000000,Lindsay Castell,Home Office
ZZXNM-844500000,Nathan Mautz,Home Office
ZZXBF-97500000,Barbara Fisher,Corporate
ZZXCM-244500000,Chuck Magee,Consumer
ZZXMK-1816000000,Mike Kennedy,Consumer
ZZXKH-636000000,Katherine Hughes,Consumer
ZZXBT-130500000,Beth Thompson,Home Office
ZZXRK-1930000000,Ralph Kennedy,Consumer
ZZXJL-523500000,Janet Lee,Consumer
ZZXCP-234000000,Christine Phan,Corporate
ZZXBV-1124500000,Benjamin Venier,Corporate
ZZXRW-969000000,Robert Waldorf,Consumer
ZZXLP-1709500000,Liz Preis,Consumer
ZZXMW-1822000000,Mitch Webber,Consumer
ZZXBG-1174000000,Bruce Geld,Consumer
ZZXVW-1177500000,Victoria Wilson,Corporate
ZZXJH-1618000000,Justin Hirsh,Consumer
ZZXGA-451500000,George Ashbrook,Consumer
ZZXMO-1780000000,Meg O'Connel,Home Office
ZZXML-739500000,Marina Lichtenstein,Corporate
ZZXCR-1273000000,Craig Reiter,Consumer
ZZXJR-567000000,Jim Radford,Consumer
ZZXTB-1119000000,Thomas Brumley,Home Office
ZZXCM-1181500000,Candace McMahon,Corporate
ZZXJD-1606000000,Julia Dunbar,Consumer
ZZXDW-358500000,Dorothy Wardle,Corporate
ZZXVB-2174500000,Victoria Brennan,Corporate
ZZXBT-1168000000,Brian Thompson,Consumer
ZZXRH-1951000000,Rick Huthwaite,Home Office
ZZXDB-327000000,Deborah Brumfield,Home Office
ZZXCS-1235500000,Christine Sundaresam,Consumer
ZZXDB-1327000000,Deborah Brumfield,Home Office
ZZXMH-745500000,Mark Hamilton,Consumer
ZZXJL-517500000,James Lanier,Home Office
ZZXDB-312000000,David Bremer,Corporate
ZZXAZ-75000000,Annie Zypern,Consumer
ZZXJD-579000000,John Dryer,Consumer
ZZXVS-1182000000,Vivek Sundaresam,Consumer
ZZXNW-840000000,Natalie Webber,Consumer
ZZXES-408000000,Erin Smith,Corporate
ZZXCK-1259500000,Clytie Kelty,Consumer
ZZXRD-990000000,Ruben Dartt,Consumer
ZZXPG-889500000,Paul Gonzalez,Consumer
ZZXJJ-1544500000,Jennifer Jackson,Consumer
ZZXDL-1349500000,Dionis Lloyd,Corporate
ZZXGG-1465000000,Greg Guthrie,Corporate
ZZXCC-255000000,Clay Cheatham,Consumer
ZZXPM-1894000000,Paul MacIntyre,Consumer
ZZXCS-1250500000,Cindy Stewart,Consumer
ZZXCK-1276000000,Cyma Kinney,Corporate
ZZXAH-1046500000,Amy Hunt,Consumer
ZZXTD-1099500000,Tamara Dahlen,Consumer
ZZXJJ-1576000000,Joel Jenkins,Home Office
ZZXCS-213000000,Chad Sievert,Consumer
ZZXEB-375000000,Edward Becker,Corporate
ZZXAB-15000000,Aimee Bixby,Consumer
ZZXSC-2023000000,Scot Coram,Corporate
ZZXRD-1948000000,Rick Duston,Consumer
ZZXBW-1120000000,Ben Wallace,Consumer
ZZXSW-2027500000,Scott Williamson,Consumer
ZZXSC-1002000000,Sam Craven,Consumer
ZZXEH-376500000,Edward Hooks,Corporate
ZZXRF-934500000,Randy Ferguson,Corporate
ZZXAG-1033000000,Alex Grayson,Consumer
ZZXSH-997500000,Sally Hughsby,Corporate
ZZXDB-340500000,Denny Blanton,Consumer
ZZXDP-316500000,David Philippe,Consumer
ZZXHH-501000000,Hilary Holden,Corporate
ZZXEM-1420000000,Evan Minnotte,Home Office
ZZXTT-2126500000,Tim Taslimi,Corporate
ZZXNP-868500000,Nora Pelletier,Home Office
ZZXTA-2138500000,Tom Ashbrook,Home Office
ZZXPF-922500000,Phillip Flathmann,Consumer
ZZXJK-1564000000,Jim Kriz,Home Office
ZZXCK-1232500000,Christine Kargatis,Home Office
ZZXJH-591000000,Jonathan Howell,Consumer
ZZXCY-274500000,Craig Yedwab,Corporate
ZZXBH-1171000000,Brosina Hoffman,Consumer
ZZXDN-1369000000,Duane Noonan,Consumer
ZZXBF-121500000,Benjamin Farhat,Home Office
ZZXKM-622500000,Kalyca Meade,Corporate
ZZXQJ-1925500000,Quincy Jones,Corporate
ZZXKN-1670500000,Kristina Nunn,Home Office
ZZXKH-651000000,Keith Herrera,Consumer
ZZXFH-436500000,Fred Hopkins,Corporate
ZZXPF-916500000,Philip Fox,Consumer
ZZXJG-1580500000,John Grady,Corporate
ZZXYC-2189500000,Yoseph Carroll,Corporate
ZZXHF-1499500000,Herbert Flentye,Consumer
ZZXNP-1832500000,Naresj Patel,Consumer
ZZXTH-2111500000,Thea Hudgings,Corporate
ZZXAP-1091500000,Arthur Prichep,Consumer
ZZXDB-1340500000,Denny Blanton,Consumer
ZZXBT-144000000,Bobby Trafton,Consumer
ZZXSK-1999000000,Sally Knutson,Consumer
ZZXBM-1157500000,Brendan Murry,Corporate
ZZXFP-432000000,Frank Preis,Consumer
ZZXAF-88500000,Art Foster,Consumer
ZZXRA-1994500000,Ryan Akin,Consumer
ZZXDK-315000000,David Kendrick,Corporate
ZZXVP-1176000000,Victoria Pisteka,Corporate
ZZXXP-1186500000,Xylona Preis,Consumer
ZZXJS-1594000000,Joni Sundaresam,Home Office
ZZXLS-694500000,Linda Southworth,Corporate
ZZXRF-1934500000,Randy Ferguson,Corporate
ZZXCC-222000000,Chris Cortes,Consumer
ZZXTZ-2144500000,Tom Zandusky,Corporate
ZZXKH-1669000000,Kristen Hastings,Corporate
ZZXME-1801000000,Michelle Ellison,Corporate
ZZXRB-946500000,Rick Bensley,Home Office
ZZXDK-1289500000,Dana Kaydos,Consumer
ZZXTH-2110000000,Thea Hendricks,Consumer
ZZXJS-1559500000,Jill Stevenson,Corporate
ZZXRB-936000000,Raymond Buch,Consumer
ZZXFG-1426000000,Frank Gastineau,Home Office
ZZXDW-1354000000,Don Weiss,Consumer
ZZXHK-1489000000,Heather Kirkland,Corporate
ZZXAW-1084000000,Anthony Witt,Consumer
ZZXMC-1742500000,Mark Cousins,Corporate
ZZXRB-1970500000,Roger Barcio,Home Office
ZZXVD-1167000000,Valerie Dominguez,Consumer
ZZXPR-1888000000,Patrick Ryan,Consumer
ZZXJD-1601500000,Joy Daniels,Consumer
ZZXDE-325500000,Deanra Eno,Home Office
ZZXCJ-187500000,Carl Jackson,Corporate
ZZXCM-219000000,Charlotte Melton,Consumer
ZZXPS-1904500000,Penelope Sewall,Home Office
ZZXAT-73500000,Annie Thurman,Consumer
ZZXGM-469500000,Greg Maxwell,Corporate
ZZXSS-2059000000,Sonia Sunley,Consumer
ZZXJD-606000000,Julia Dunbar,Consumer
ZZXAG-1090000000,Arthur Gainer,Consumer
ZZXCD-279000000,Cynthia Delaney,Home Office
ZZXPN-877500000,Parhena Norris,Home Office
ZZXPO-918000000,Philisse Overcash,Home Office
ZZXXP-2186500000,Xylona Preis,Consumer
ZZXGM-1450000000,Gene McClure,Consumer
ZZXAR-1034500000,Alex Russell,Corporate
ZZXBP-1123000000,Benjamin Patterson,Consumer
ZZXSC-2080000000,Stuart Calhoun,Consumer
ZZXJF-535500000,Jay Fein,Consumer
ZZXTT-1126500000,Tim Taslimi,Corporate
ZZXEB-1393000000,Eric Barreto,Consumer
ZZXCT-1199500000,Carol Triggs,Consumer
ZZXPO-1885000000,Patrick O'Brill,Consumer
ZZXVT-1170000000,Valerie Takahito,Home Office
ZZXLT-676500000,Larry Tron,Consumer
ZZXMG-787500000,Michael Grace,Home Office
ZZXRS-987000000,Roy Skaria,Home Office
ZZXMS-798000000,Michael Stewart,Corporate
ZZXLW-721500000,Luke Weiss,Consumer
ZZXNF-859500000,Nicole Fjeld,Home Office
ZZXJC-1610500000,Julie Creighton,Corporate
ZZXTN-2104000000,Tanja Norvell,Home Office
ZZXTS-2137000000,Todd Sumrall,Corporate
ZZXBT-1148500000,Brad Thomas,Home Office
ZZXCM-1244500000,Chuck Magee,Consumer
ZZXRR-952500000,Rick Reed,Corporate
ZZXSG-2047000000,Sheri Gordon,Consumer
ZZXEM-1409500000,Eudokia Martin,Corporate
ZZXAC-1045000000,Amy Cox,Consumer
ZZXJB-604500000,Julia Barnett,Home Office
ZZXHM-1486000000,Harry Marie,Corporate
ZZXBV-124500000,Benjamin Venier,Corporate
ZZXMG-789000000,Michael Granlund,Home Office
ZZXKM-637500000,Katherine Murray,Home Office
ZZXCL-1256500000,Clay Ludtke,Consumer
ZZXCB-202500000,Cassandra Brandow,Consumer
ZZXAA-1064500000,Anna Andreadi,Consumer
ZZXCK-259500000,Clytie Kelty,Consumer
ZZXCC-1214500000,Charles Crestani,Consumer
ZZXTP-2141500000,Tom Prescott,Consumer
ZZXKW-657000000,Kelly Williams,Consumer
ZZXCS-1184500000,Cari Sayre,Corporate
ZZXSV-1078500000,Stewart Visinsky,Consumer
ZZXSP-2092000000,Susan Pistek,Consumer
ZZXDl-360000000,Dorris liebe,Corporate
ZZXNS-1864000000,Noel Staavos,Corporate
ZZXAR-54000000,Andy Reiter,Consumer
ZZXSC-1080000000,Stuart Calhoun,Consumer
ZZXVF-2171500000,Vicky Freymann,Home Office
ZZXRB-1943500000,Richard Bierner,Consumer
ZZXSS-1087500000,Sung Shariari,Consumer
ZZXFG-426000000,Frank Gastineau,Home Office
ZZXPF-1916500000,Philip Fox,Consumer
ZZXBS-1138000000,Bill Stewart,Corporate
ZZXSJ-2050000000,Shirley Jackson,Consumer
ZZXMG-765000000,Matthew Grinstein,Home Office
ZZXDV-1346500000,Dianna Vittorini,Consumer
ZZXKW-643500000,Katrina Willman,Consumer
ZZXDK-309000000,Dave Kipp,Consumer
ZZXNL-831000000,Nancy Lomonaco,Home Office
ZZXPL-1892500000,Paul Lucas,Home Office
ZZXVS-2182000000,Vivek Sundaresam,Consumer
ZZXSS-2087500000,Sung Shariari,Consumer
ZZXBF-1117000000,Ben Ferrer,Home Office
ZZXDB-336000000,Dennis Bolton,Home Office
ZZXBT-148500000,Brad Thomas,Home Office
ZZXSC-2038000000,Shahid Collister,Consumer
ZZXEA-403500000,Erin Ashbrook,Corporate
ZZXLB-679500000,Laurel Beltran,Home Office
ZZXAB-1010500000,Adrian Barton,Consumer
ZZXDL-333000000,Denise Leinenbach,Consumer
ZZXCD-1279000000,Cynthia Delaney,Home Office
ZZXKD-1627000000,Karen Daniels,Consumer
ZZXLW-712500000,Liz Willingham,Consumer
ZZXJL-1513000000,Jack Lebron,Consumer
ZZXJR-570000000,Jocasta Rupert,Consumer
ZZXLT-1676500000,Larry Tron,Consumer
ZZXCD-1192000000,Carlos Daly,Consumer
ZZXJF-1556500000,Jill Fjeld,Consumer
ZZXKD-661500000,Ken Dana,Corporate
ZZXAC-1066000000,Anna Chung,Consumer
ZZXJB-540000000,Jennifer Braxton,Corporate
ZZXED-1388500000,Emily Ducich,Home Office
ZZXCC-1210000000,Chad Cunningham,Home Office
ZZXCG-252000000,Claire Gute,Consumer
ZZXKW-1657000000,Kelly Williams,Consumer
ZZXRD-966000000,Robert Dilbeck,Home Office
ZZXDM-334500000,Denise Monton,Corporate
ZZXMT-807000000,Michelle Tran,Home Office
ZZXEN-378000000,Edward Nazzal,Consumer
ZZXCC-243000000,Chuck Clark,Home Office
ZZXMF-1825000000,Monica Federle,Corporate
ZZXSS-1014000000,Saphhira Shifley,Corporate
ZZXFM-1421500000,Filia McAdams,Corporate
ZZXGH-1441000000,Gary Hansen,Home Office
ZZXGB-453000000,George Bell,Corporate
ZZXDK-283500000,Damala Kotsonis,Corporate
ZZXKB-1631500000,Karl Braun,Consumer
ZZXJC-610500000,Julie Creighton,Corporate
ZZXAJ-79500000,Anthony Johnson,Corporate
ZZXHL-504000000,Hunter Lopez,Consumer
ZZXMP-1817500000,Mike Pelletier,Home Office
ZZXBT-1144000000,Bobby Trafton,Consumer
ZZXNG-1843000000,Nathan Gelder,Consumer
ZZXCA-277500000,Cynthia Arntzen,Consumer
ZZXDA-345000000,Dianna Arnett,Home Office
ZZXPH-1879000000,Patricia Hirasaki,Home Office
ZZXNP-1867000000,Nora Paige,Consumer
ZZXLE-1681000000,Laurel Elliston,Consumer
ZZXGH-441000000,Gary Hansen,Home Office
ZZXKN-1639000000,Katherine Nockton,Corporate
ZZXNP-1867000000,Nora Paige,Consumer
ZZXEH-1418500000,Evan Henry,Consumer
ZZXCA-1205500000,Cathy Armstrong,Home Office
ZZXNB-1865500000,Nona Balk,Corporate
ZZXAR-1082500000,Anthony Rawles,Corporate
ZZXCA-1226500000,Christina Anderson,Consumer
ZZXDD-357000000,Dorothy Dickinson,Consumer
ZZXMN-793500000,Michael Nguyen,Consumer
ZZXTS-1108500000,Thais Sissman,Consumer
ZZXDK-1315000000,David Kendrick,Corporate
ZZXPO-886500000,Patrick O'Donnell,Consumer
ZZXSU-1066500000,Stephanie Ulpright,Home Office
ZZXRD-1981000000,Ross DeVincentis,Home Office
ZZXBT-153000000,Bradley Talbott,Home Office
ZZXRA-928500000,Ralph Arnett,Consumer
ZZXDB-1297000000,Darren Budd,Corporate
ZZXLC-1714000000,Logan Currie,Consumer
ZZXPK-891000000,Paul Knutson,Home Office
ZZXTM-2149000000,Tony Molinari,Consumer
ZZXMC-1760500000,Matt Connell,Corporate
ZZXGA-1472500000,Guy Armstrong,Consumer
ZZXVD-2167000000,Valerie Dominguez,Consumer
ZZXRW-963000000,Rob Williams,Corporate
ZZXFM-421500000,Filia McAdams,Corporate
ZZXSJ-2012500000,Sanjit Jacobs,Home Office
ZZXMH-802500000,Michelle Huthwaite,Consumer
ZZXKF-1628500000,Karen Ferguson,Home Office
ZZXJD-589500000,Jonathan Doherty,Corporate
ZZXBG-1169500000,Brooke Gillingham,Corporate
ZZXSP-1062000000,Stefania Perrino,Corporate
ZZXTB-1135500000,Todd Boyes,Corporate
ZZXNP-867000000,Nora Paige,Consumer
ZZXPT-1909000000,Pete Takahito,Consumer
ZZXJW-595500000,Joni Wasserman,Consumer
ZZXTC-1129500000,Toby Carlisle,Consumer
ZZXGT-475500000,Guy Thornton,Consumer
ZZXRD-1972000000,Roger Demir,Consumer
ZZXNF-847500000,Neil Französisch,Home Office
ZZXPA-906000000,Pete Armstrong,Home Office
ZZXBE-141000000,Bobby Elias,Consumer
ZZXDL-1286500000,Dan Lawera,Consumer
ZZXAO-1081000000,Anthony O'Donnell,Corporate
ZZXGM-1445500000,Gary Mitchum,Home Office
ZZXCG-1252000000,Claire Gute,Consumer
ZZXSH-2039500000,Shahid Hopkins,Consumer
ZZXBN-1151500000,Bradley Nguyen,Consumer
ZZXAH-1007500000,Adam Hart,Corporate
ZZXKT-1646500000,Kean Takahito,Consumer
ZZXMH-762000000,Matt Hagelstein,Corporate
ZZXEL-373500000,Ed Ludwig,Home Office
ZZXDL-1292500000,Daniel Lacy,Consumer
ZZXAS-1022500000,Alan Schoenberger,Corporate
ZZXLA-1678000000,Laura Armstrong,Corporate
ZZXLR-703500000,Lisa Ryan,Corporate
ZZXDB-291000000,Daniel Byrd,Home Office
ZZXGW-460500000,Giulietta Weimer,Consumer
ZZXNP-832500000,Naresj Patel,Consumer
ZZXCB-241500000,Christy Brittain,Consumer
ZZXJK-520500000,Jamie Kunitz,Consumer
ZZXKA-1652500000,Kelly Andreada,Consumer
ZZXBS-175500000,Bruce Stewart,Consumer
ZZXNP-1867000000,Nora Paige,Consumer
ZZXJF-529500000,Jason Fortune-,Consumer
ZZXDC-1328500000,Debra Catini,Consumer
ZZXSF-2020000000,Sarah Foster,Consumer
ZZXCM-193500000,Carlos Meador,Consumer
ZZXKB-1624000000,Karen Bern,Corporate
ZZXPO-1919500000,Phillina Ober,Home Office
ZZXHG-1496500000,Henry Goldwyn,Corporate
ZZXNZ-856500000,Nick Zandusky,Home Office
ZZXZC-1191000000,Zuschuss Carroll,Consumer
ZZXML-741000000,Maris LaWare,Consumer
ZZXGB-1457500000,Giulietta Baptist,Consumer
ZZXTS-1161000000,Troy Staebel,Consumer
ZZXIL-510000000,Ivan Liston,Consumer
ZZXPV-1898500000,Paul Van Hugh,Home Office
ZZXLW-1682500000,Laurel Workman,Corporate
ZZXMS-1736500000,Maribeth Schnelling,Consumer
ZZXBP-1109500000,Bart Pistole,Corporate
ZZXMS-1777000000,Maxwell Schwartz,Consumer
ZZXHJ-1487500000,Heather Jas,Home Office
ZZXLW-682500000,Laurel Workman,Corporate
ZZXBS-1175500000,Bruce Stewart,Consumer
ZZXEK-1379500000,Eileen Kiefer,Home Office
ZZXTS-2134000000,Toby Swindell,Consumer
ZZXCP-208500000,Cathy Prescott,Corporate
ZZXGR-456000000,Georgia Rosenberg,Corporate
ZZXJM-565500000,Jim Mitchum,Corporate
ZZXEJ-1372000000,Ed Jacobs,Consumer
ZZXJB-1540000000,Jennifer Braxton,Corporate
ZZXBP-118500000,Ben Peterman,Corporate
ZZXRD-1966000000,Robert Dilbeck,Home Office
ZZXBF-127500000,Beth Fritzler,Corporate
ZZXMC-1759000000,Matt Collister,Corporate
ZZXPS-1897000000,Paul Stevenson,Home Office
ZZXRP-1985500000,Roy Phan,Corporate
ZZXAF-1088500000,Art Foster,Consumer
ZZXSC-2005000000,Sample Company A,Home Office
ZZXDF-313500000,David Flashing,Consumer
ZZXBC-112500000,Becky Castell,Home Office
ZZXSP-2062000000,Stefania Perrino,Corporate
ZZXAH-19500000,Alan Haines,Corporate
ZZXDH-1307500000,Dave Hallsten,Corporate
ZZXSS-2014000000,Saphhira Shifley,Corporate
ZZXMP-747000000,Mark Packer,Home Office
ZZXAC-42000000,Alyssa Crouse,Corporate
ZZXAG-76500000,Anthony Garverick,Home Office
ZZXJH-1543000000,Jennifer Halladay,Consumer
ZZXTB-2105500000,Ted Butterfield,Consumer
ZZXER-1385500000,Elpida Rittenbach,Corporate
ZZXCC-1247500000,Cindy Chapman,Consumer
ZZXKS-630000000,Karen Seio,Corporate
ZZXJF-1519000000,Jamie Frazer,Consumer
ZZXKC-625500000,Karen Carlisle,Corporate
ZZXLC-714000000,Logan Currie,Consumer
ZZXKD-634500000,Katherine Ducich,Consumer
ZZXRB-933000000,Randy Bradley,Consumer
ZZXPA-1906000000,Pete Armstrong,Home Office
ZZXAD-1018000000,Alan Dominguez,Home Office
ZZXNP-1867000000,Nora Paige,Consumer
ZZXGK-1462000000,Grace Kelly,Corporate
ZZXLR-1691500000,Lena Radford,Consumer
ZZXNP-1867000000,Nora Paige,Consumer
ZZXJD-1615000000,Justin Deggeller,Corporate
ZZXTC-2098000000,Tamara Chand,Corporate
ZZXSW-1027500000,Scott Williamson,Consumer
ZZXRR-1952500000,Rick Reed,Corporate
ZZXMM-1792000000,Michael Moore,Consumer
ZZXDW-1358500000,Dorothy Wardle,Corporate
ZZXCS-1195000000,Carlos Soltero,Consumer
ZZXLT-1711000000,Liz Thompson,Consumer
ZZXCC-237000000,Christopher Conant,Consumer
ZZXNG-1835500000,Nat Gilpin,Corporate
ZZXPC-1900000000,Pauline Chand,Home Office
ZZXBF-117000000,Ben Ferrer,Home Office
ZZXGZ-1447000000,Gary Zandusky,Consumer
ZZXCA-1196500000,Carol Adams,Corporate
ZZXJM-525000000,Janet Martin,Consumer
ZZXJG-1531000000,Jason Gross,Corporate
ZZXVF-1171500000,Vicky Freymann,Home Office
ZZXHR-483000000,Harold Ryan,Corporate
ZZXLC-693000000,Linda Cazamias,Corporate
ZZXCC-261000000,Corey Catlett,Corporate
ZZXJM-586500000,John Murray,Consumer
ZZXJE-1574500000,Joel Eaton,Consumer
ZZXTZ-1158000000,Tracy Zic,Consumer
ZZXRW-1963000000,Rob Williams,Corporate
ZZXTB-1159500000,Troy Blackwell,Consumer
ZZXSH-1039500000,Shahid Hopkins,Consumer
ZZXAG-1076500000,Anthony Garverick,Home Office
ZZXAI-1085500000,Arianne Irving,Consumer
ZZXAB-16500000,Alan Barnes,Consumer
ZZXLS-1723000000,Lycoris Saunders,Consumer
ZZXJB-592500000,Joni Blumstein,Consumer
ZZXFP-1432000000,Frank Preis,Consumer
ZZXEC-1405000000,Erin Creighton,Consumer
ZZXDP-1316500000,David Philippe,Consumer
ZZXAB-1016500000,Alan Barnes,Consumer
ZZXLH-675000000,Larry Hughes,Consumer
ZZXTS-1150500000,Tony Sayre,Consumer
ZZXBD-1150000000,Bradley Drucker,Consumer
ZZXSW-1045500000,Shaun Weien,Consumer
ZZXCC-1267000000,Craig Carreira,Consumer
ZZXAB-1006000000,Adam Bellavance,Home Office
ZZXAA-31500000,Alex Avila,Consumer
ZZXGP-474000000,Guy Phonely,Corporate
ZZXJB-600000000,Joy Bell-,Consumer
ZZXTB-2152000000,Tracy Blumstein,Consumer
ZZXTZ-1144500000,Tom Zandusky,Corporate
ZZXSP-1086000000,Sung Pak,Corporate
ZZXBW-1106500000,Barry Weirich,Consumer
ZZXKC-667500000,Kimberly Carter,Corporate
ZZXBN-1147000000,Brad Norvell,Corporate
ZZXTB-1128000000,Toby Braunhardt,Consumer
ZZXAH-1003000000,Aaron Hawkins,Corporate
ZZXJC-538500000,Jenna Caffey,Consumer
ZZXCM-1216000000,Charles McCrossin,Consumer
ZZXST-1053000000,Shui Tom,Consumer
ZZXKD-649500000,Keith Dawkins,Corporate
ZZXSH-1063500000,Stefanie Holloman,Corporate
ZZXCC-210000000,Chad Cunningham,Home Office
ZZXTB-2162500000,Trudy Brown,Consumer
ZZXAF-1088500000,Art Foster,Consumer
ZZXAA-1037500000,Allen Armold,Consumer
ZZXKS-1630000000,Karen Seio,Corporate
ZZXSW-1024500000,Scot Wooten,Consumer
ZZXLD-1685500000,Lela Donovan,Corporate
ZZXCS-217500000,Charles Sheldon,Corporate
ZZXSM-1095000000,Suzanne McNair,Corporate
ZZXNG-835500000,Nat Gilpin,Corporate
ZZXTB-2119000000,Thomas Brumley,Home Office
ZZXMY-1738000000,Maribeth Yedwab,Corporate
ZZXDH-367500000,Duane Huffman,Home Office
ZZXDW-1319500000,David Wiener,Corporate
ZZXMY-738000000,Maribeth Yedwab,Corporate
ZZXRA-988500000,Ruben Ausman,Corporate
ZZXPO-919500000,Phillina Ober,Home Office
ZZXAG-27000000,Alejandro Grove,Consumer
ZZXER-385500000,Elpida Rittenbach,Corporate
ZZXKD-1661500000,Ken Dana,Corporate
ZZXMH-1778500000,Maya Herman,Corporate
ZZXTS-1134000000,Toby Swindell,Consumer
ZZXKE-642000000,Katrina Edelman,Corporate
ZZXMM-726000000,Magdelene Morse,Consumer
ZZXDH-1367500000,Duane Huffman,Home Office
ZZXAH-1069000000,Anna Häberlin,Corporate
ZZXJL-585000000,John Lucas,Consumer
ZZXHL-1504000000,Hunter Lopez,Consumer
ZZXDM-1295500000,Dario Medina,Corporate
ZZXAH-1012000000,Adrian Hane,Home Office
ZZXSJ-1021500000,Sarah Jordon,Consumer
ZZXMH-1745500000,Mark Hamilton,Consumer
ZZXBW-120000000,Ben Wallace,Consumer
ZZXTC-1098000000,Tamara Chand,Corporate
ZZXAR-51000000,Andrew Roberts,Consumer
ZZXHZ-1495000000,Henia Zydlo,Consumer
ZZXCK-1220500000,Chloris Kastensmidt,Consumer
ZZXPO-1918000000,Philisse Overcash,Home Office
ZZXMG-1768000000,Maureen Gastineau,Home Office
ZZXEB-1387000000,Emily Burns,Consumer
ZZXAT-43500000,Alyssa Tate,Home Office
ZZXGM-445500000,Gary Mitchum,Home Office
ZZXSR-2074000000,Steven Roelle,Home Office
ZZXHZ-495000000,Henia Zydlo,Consumer
ZZXLF-1718500000,Luke Foster,Consumer
ZZXSC-2069500000,Steve Chapman,Corporate
ZZXDB-297000000,Darren Budd,Corporate
ZZXCC-1255000000,Clay Cheatham,Consumer
ZZXCV-229500000,Christina VanderZanden,Consumer
ZZXGM-468000000,Greg Matthias,Consumer
ZZXTG-2131000000,Toby Gnade,Consumer
ZZXJR-1567000000,Jim Radford,Consumer
ZZXDM-301500000,Darrin Martin,Consumer
ZZXTT-2122000000,Thomas Thornton,Consumer
ZZXGZ-447000000,Gary Zandusky,Consumer
ZZXLC-688500000,Lena Creighton,Consumer
ZZXGH-448500000,Gene Hale,Corporate
ZZXMM-828000000,Muhammed MacIntyre,Corporate
ZZXPW-903000000,Pauline Webber,Corporate
ZZXCD-1198000000,Carol Darley,Consumer
ZZXNP-1867000000,Nora Paige,Consumer
ZZXDJ-1363000000,Doug Jacobs,Consumer
ZZXRH-1949500000,Rick Hansen,Consumer
ZZXCB-253500000,Claudia Bergmann,Corporate
ZZXSW-2045500000,Shaun Weien,Consumer
ZZXLH-715500000,Logan Haushalter,Consumer
ZZXHH-1501000000,Hilary Holden,Corporate
ZZXPW-924000000,Pierre Wener,Consumer
ZZXMS-1798000000,Michael Stewart,Corporate
ZZXCS-225000000,Chris Selesnick,Corporate
ZZXNK-1849000000,Neil Knudson,Home Office
ZZXSC-1084500000,Sung Chung,Consumer
ZZXBW-106500000,Barry Weirich,Consumer
ZZXPK-1907500000,Pete Kriz,Consumer
ZZXMY-829500000,Muhammed Yedwab,Corporate
ZZXSP-2086000000,Sung Pak,Corporate
ZZXTH-1110000000,Thea Hendricks,Consumer
ZZXDA-1345000000,Dianna Arnett,Home Office
ZZXJP-1546000000,Jennifer Patt,Corporate
ZZXDS-1303000000,Darrin Sayre,Home Office
ZZXSB-1029000000,Sean Braxton,Corporate
ZZXDO-343500000,Denny Ordway,Consumer
ZZXMD-786000000,Michael Dominguez,Corporate
ZZXJP-1552000000,Jeremy Pistek,Consumer
ZZXRB-943500000,Richard Bierner,Consumer
ZZXTB-2140000000,Tom Boeckenhauer,Consumer
ZZXFH-1435000000,Fred Harton,Consumer
ZZXBB-1099000000,Barry Blumstein,Corporate
ZZXCR-282000000,Cyra Reiten,Home Office
ZZXLF-718500000,Luke Foster,Consumer
ZZXTP-1156500000,Tracy Poddar,Corporate
ZZXAB-1001500000,Aaron Bergman,Consumer
ZZXAW-1093000000,Arthur Wiediger,Home Office
ZZXEJ-415500000,Eva Jacobs,Consumer
ZZXCM-1271500000,Craig Molinari,Corporate
ZZXAH-1021000000,Alan Hwang,Consumer
ZZXLD-1700500000,Lisa DeCherney,Consumer
ZZXCR-262500000,Corey Roper,Home Office
ZZXMS-771000000,Maurice Satty,Consumer
ZZXBM-178500000,Bryan Mills,Consumer
ZZXMM-1726000000,Magdelene Morse,Consumer
ZZXLP-709500000,Liz Preis,Consumer
ZZXJB-1600000000,Joy Bell-,Consumer
ZZXEB-370500000,Ed Braxton,Corporate
ZZXAP-72000000,Anne Pryor,Home Office
ZZXBD-1132000000,Bill Donatelli,Consumer
ZZXCR-1258000000,Clay Rozendal,Home Office
ZZXSH-1997500000,Sally Hughsby,Corporate
ZZXPS-904500000,Penelope Sewall,Home Office
ZZXOT-1873000000,Olvera Toch,Consumer
ZZXMZ-733500000,Maria Zettner,Home Office
ZZXML-826500000,Muhammed Lee,Consumer
ZZXNP-1867000000,Nora Paige,Consumer
ZZXGT-1475500000,Guy Thornton,Consumer
ZZXKH-1663000000,Ken Heidel,Corporate
ZZXKB-1640500000,Katrina Bavinger,Home Office
ZZXLC-1687000000,Lena Cacioppo,Consumer
ZZXAH-58500000,Angele Hood,Consumer
ZZXRS-1942000000,Ricardo Sperren,Corporate
ZZXGD-459000000,Giulietta Dortch,Corporate
ZZXEB-1370500000,Ed Braxton,Corporate
ZZXCR-1282000000,Cyra Reiten,Home Office
ZZXAJ-1078000000,Anthony Jacobs,Corporate
ZZXBM-1114000000,Becky Martin,Consumer
ZZXCM-1219000000,Charlotte Melton,Consumer
ZZXBH-171000000,Brosina Hoffman,Consumer
ZZXEJ-372000000,Ed Jacobs,Consumer
ZZXPM-894000000,Paul MacIntyre,Consumer
ZZXAY-1055500000,Andy Yotov,Corporate
ZZXJR-1621000000,Justin Ritter,Corporate
ZZXTS-1165500000,Trudy Schmidt,Consumer
ZZXRS-942000000,Ricardo Sperren,Corporate
ZZXPP-895500000,Paul Prost,Home Office
ZZXSG-1047000000,Sheri Gordon,Consumer
ZZXJC-1538500000,Jenna Caffey,Consumer
ZZXAG-39000000,Allen Goldenen,Consumer
ZZXCD-192000000,Carlos Daly,Consumer
ZZXDW-348000000,Dianna Wilson,Home Office
ZZXPJ-901500000,Pauline Johnson,Consumer
ZZXHE-1480000000,Harold Engle,Corporate
ZZXRA-1991500000,Russell Applegate,Consumer
ZZXPS-897000000,Paul Stevenson,Home Office
ZZXAF-87000000,Art Ferguson,Consumer
ZZXMG-769500000,Maureen Gnade,Consumer
ZZXTB-1140000000,Tom Boeckenhauer,Consumer
ZZXGB-1453000000,George Bell,Corporate
ZZXAR-1054000000,Andy Reiter,Consumer
ZZXKB-1658500000,Ken Black,Corporate
ZZXSJ-1012500000,Sanjit Jacobs,Home Office
ZZXAB-1025500000,Alejandro Ballentine,Home Office
ZZXRF-1984000000,Roy Französisch,Consumer
ZZXCS-249000000,Cindy Schnelling,Corporate
ZZXEH-400500000,Erica Hernandez,Home Office
ZZXSW-2035000000,Sean Wendt,Home Office
ZZXTC-1114500000,Theresa Coyne,Corporate
ZZXBF-1100500000,Barry Franz,Home Office
ZZXTB-2117500000,Thomas Boland,Corporate
ZZXRB-1957000000,Rob Beeghly,Consumer
ZZXJD-1589500000,Jonathan Doherty,Corporate
ZZXAS-24000000,Alan Shonely,Consumer
ZZXMK-816000000,Mike Kennedy,Consumer
ZZXMC-810000000,Mick Crebagga,Consumer
ZZXCM-1211500000,Chad McGuire,Consumer
ZZXSC-2077000000,Stewart Carmichael,Corporate
ZZXMO-750000000,Mary O'Rourke,Consumer
ZZXDK-298500000,Darren Koutras,Consumer
ZZXTS-1137000000,Todd Sumrall,Corporate
ZZXRB-1964500000,Robert Barroso,Corporate
ZZXCK-276000000,Cyma Kinney,Corporate
ZZXMG-1765000000,Matthew Grinstein,Home Office
ZZXAG-1027000000,Alejandro Grove,Consumer
ZZXRA-1928500000,Ralph Arnett,Consumer
ZZXCD-198000000,Carol Darley,Consumer
ZZXKB-624000000,Karen Bern,Corporate
ZZXMC-813000000,Mike Caudle,Corporate
ZZXNP-1870000000,Nora Preis,Consumer
ZZXJO-514500000,Jack O'Briant,Corporate
ZZXJK-532500000,Jason Klamczynski,Corporate
ZZXDP-1300000000,Darren Powers,Consumer
ZZXGA-1451500000,George Ashbrook,Consumer
ZZXJO-1514500000,Jack O'Briant,Corporate
ZZXPG-882000000,Patrick Gardner,Consumer
ZZXFH-1427500000,Frank Hawley,Corporate
ZZXCJ-1187500000,Carl Jackson,Corporate
ZZXHR-477000000,Hallie Redmond,Home Office
ZZXVW-2177500000,Victoria Wilson,Corporate
ZZXSC-2068000000,Steve Carroll,Home Office
ZZXMA-756000000,Matt Abelman,Home Office
ZZXMS-1783000000,Melanie Seite,Consumer
ZZXVG-1180500000,Vivek Grady,Corporate
ZZXBF-108000000,Bart Folk,Consumer
ZZXTC-2153500000,Tracy Collins,Home Office
ZZXCS-1186000000,Cari Schnelling,Consumer
ZZXLW-1712500000,Liz Willingham,Consumer
ZZXCM-271500000,Craig Molinari,Corporate
ZZXMG-1787500000,Michael Grace,Home Office
ZZXNP-1867000000,Nora Paige,Consumer
ZZXEK-379500000,Eileen Kiefer,Home Office
ZZXAH-46500000,Amy Hunt,Consumer
ZZXDV-346500000,Dianna Vittorini,Consumer
ZZXHR-1477000000,Hallie Redmond,Home Office
ZZXBP-115500000,Becky Pak,Consumer
ZZXBO-1135000000,Bill Overfelt,Corporate
ZZXDP-1339000000,Dennis Pardue,Home Office
ZZXLE-681000000,Laurel Elliston,Consumer
ZZXRA-1988500000,Ruben Ausman,Corporate
ZZXHG-1484500000,Harry Greene,Consumer
ZZXVP-2173000000,Victor Preis,Home Office
ZZXBD-1162000000,Brian DeCherney,Consumer
ZZXCA-1277500000,Cynthia Arntzen,Consumer
ZZXJP-613500000,Julie Prescott,Home Office
ZZXDL-292500000,Daniel Lacy,Consumer
ZZXKB-658500000,Ken Black,Corporate
ZZXJM-1526500000,Janet Molinari,Corporate
ZZXDP-339000000,Dennis Pardue,Home Office
ZZXON-871500000,Odella Nelson,Corporate
ZZXJS-1588000000,John Stevenson,Consumer
ZZXEA-1403500000,Erin Ashbrook,Corporate
ZZXGM-1469500000,Greg Maxwell,Corporate
ZZXSW-1075500000,Steven Ward,Corporate
ZZXMA-799500000,Michelle Arnett,Home Office
ZZXNZ-1856500000,Nick Zandusky,Home Office
ZZXAB-1060000000,Ann Blume,Corporate
ZZXGT-1471000000,Greg Tran,Consumer
ZZXAD-18000000,Alan Dominguez,Home Office
ZZXDB-1291000000,Daniel Byrd,Home Office
ZZXME-1732000000,Maria Etezadi,Home Office
ZZXDK-1322500000,Dean Katz,Corporate
ZZXKM-1672000000,Kunst Miller,Consumer
ZZXPB-1921000000,Phillip Breyer,Corporate
ZZXEC-405000000,Erin Creighton,Consumer
ZZXJS-588000000,John Stevenson,Consumer
ZZXDD-1357000000,Dorothy Dickinson,Consumer
ZZXAS-1024000000,Alan Shonely,Consumer
ZZXNH-861000000,Nicole Hansen,Corporate
ZZXRE-1945000000,Richard Eichhorn,Consumer
ZZXDK-1298500000,Darren Koutras,Consumer
ZZXLS-724500000,Lynn Smith,Consumer
ZZXGB-457500000,Giulietta Baptist,Consumer
ZZXPP-1895500000,Paul Prost,Home Office
ZZXGH-1448500000,Gene Hale,Corporate
ZZXBT-1139500000,Bill Tyler,Corporate
ZZXHA-492000000,Helen Andreada,Consumer
ZZXPS-876000000,Pamela Stobb,Consumer
ZZXAJ-96000000,Astrea Jones,Consumer
ZZXCK-220500000,Chloris Kastensmidt,Consumer
ZZXTB-2159500000,Troy Blackwell,Consumer
ZZXRF-984000000,Roy Französisch,Consumer
ZZXRF-973500000,Roland Fjeld,Consumer
ZZXJW-1595500000,Joni Wasserman,Consumer
ZZXNP-1867000000,Nora Paige,Consumer
ZZXMB-1808500000,Mick Brown,Consumer
ZZXRC-1996000000,Ryan Crowe,Consumer
ZZXME-772500000,Max Engle,Consumer
ZZXJA-597000000,Joseph Airdo,Consumer
ZZXFH-1436500000,Fred Hopkins,Corporate
ZZXSC-1068000000,Steve Carroll,Home Office
ZZXAT-1073500000,Annie Thurman,Consumer
ZZXCJ-1201000000,Caroline Jumper,Consumer
ZZXCD-1228000000,Christina DeMoss,Consumer
ZZXOT-873000000,Olvera Toch,Consumer
ZZXJG-531000000,Jason Gross,Corporate
ZZXLC-1693000000,Linda Cazamias,Corporate
ZZXBT-1153000000,Bradley Talbott,Home Office
ZZXSC-2057500000,Sonia Cooley,Consumer
ZZXTN-1104000000,Tanja Norvell,Home Office
ZZXKM-666000000,Khloe Miller,Consumer
ZZXBD-1163500000,Brian Derr,Consumer
ZZXRM-1967500000,Robert Marley,Home Office
ZZXRF-1973500000,Roland Fjeld,Consumer
ZZXJP-552000000,Jeremy Pistek,Consumer
ZZXDN-369000000,Duane Noonan,Consumer
ZZXSG-1060500000,Speros Goranitis,Consumer
ZZXJW-522000000,Jane Waco,Corporate
ZZXSS-1051500000,Shirley Schmidt,Home Office
ZZXCS-1240000000,Christopher Schild,Home Office
ZZXMW-823500000,Mitch Willingham,Corporate
ZZXEN-1378000000,Edward Nazzal,Consumer
ZZXCM-183000000,Cari MacIntyre,Corporate
ZZXJE-616500000,Justin Ellison,Corporate
ZZXMG-1820500000,Mitch Gastineau,Corporate
ZZXDO-1343500000,Denny Ordway,Consumer
ZZXRC-996000000,Ryan Crowe,Consumer
ZZXFM-429000000,Frank Merwin,Home Office
ZZXMS-777000000,Maxwell Schwartz,Consumer
ZZXTH-2123500000,Tiffany House,Corporate
ZZXJH-1591000000,Jonathan Howell,Consumer
ZZXTC-1147500000,Tony Chapman,Home Office
ZZXNB-1858000000,Nicole Brennan,Corporate
ZZXJS-568500000,Jim Sink,Corporate
ZZXML-804000000,Michelle Lonsdale,Corporate
ZZXES-1408000000,Erin Smith,Corporate
ZZXMS-1771000000,Maurice Satty,Consumer
ZZXLD-685500000,Lela Donovan,Corporate
ZZXSN-1071000000,Steve Nguyen,Home Office
ZZXRD-958500000,Rob Dowd,Consumer
ZZXLH-1702000000,Lisa Hazard,Consumer
ZZXPV-898500000,Paul Van Hugh,Home Office
ZZXBP-109500000,Bart Pistole,Corporate
ZZXJK-1532500000,Jason Klamczynski,Corporate
ZZXMM-792000000,Michael Moore,Consumer
ZZXJH-582000000,John Huston,Consumer
ZZXBD-150000000,Bradley Drucker,Consumer
ZZXCR-273000000,Craig Reiter,Consumer
ZZXTT-1107000000,Ted Trevino,Consumer
ZZXPW-1924000000,Pierre Wener,Consumer
ZZXKM-672000000,Kunst Miller,Consumer
ZZXDR-1288000000,Dan Reichenbach,Corporate
ZZXPS-1876000000,Pamela Stobb,Consumer
ZZXBD-1156000000,Brendan Dodson,Home Office
ZZXDB-1361500000,Doug Bickford,Consumer
ZZXAH-21000000,Alan Hwang,Consumer
ZZXSV-2081500000,Stuart Van,Corporate
ZZXDB-306000000,Dave Brooks,Consumer
ZZXTS-2116000000,Theresa Swint,Corporate
ZZXPF-1912000000,Peter Fuller,Consumer
ZZXAB-6000000,Adam Bellavance,Home Office
ZZXJP-546000000,Jennifer Patt,Corporate
ZZXTH-1111500000,Thea Hudgings,Corporate
ZZXSD-2048500000,Shirley Daniels,Home Office
ZZXMO-1750000000,Mary O'Rourke,Consumer
ZZXSM-2032000000,Sean Miller,Home Office
ZZXDP-310500000,Dave Poirier,Corporate
ZZXNW-1840000000,Natalie Webber,Consumer
ZZXAG-1049500000,Andrew Gjertsen,Corporate
ZZXDB-1336000000,Dennis Bolton,Home Office
ZZXJK-564000000,Jim Kriz,Home Office
ZZXNB-865500000,Nona Balk,Corporate
ZZXSM-1000500000,Sally Matthias,Consumer
ZZXSC-1023000000,Scot Coram,Corporate
ZZXMJ-774000000,Max Jones,Consumer
ZZXSW-1035000000,Sean Wendt,Home Office
ZZXEM-406500000,Erin Mull,Consumer
ZZXFC-424500000,Frank Carlisle,Home Office
ZZXJH-618000000,Justin Hirsh,Consumer
ZZXMV-1819000000,Mike Vittorini,Consumer
ZZXRH-951000000,Rick Huthwaite,Home Office
ZZXAH-69000000,Anna Häberlin,Corporate
ZZXNM-852000000,Neoma Murray,Consumer
ZZXMB-730500000,Maria Bertelson,Consumer
ZZXAM-70500000,Anne McFarland,Consumer
ZZXCC-268500000,Craig Carroll,Consumer
ZZXCS-250500000,Cindy Stewart,Consumer
ZZXFA-1423000000,Frank Atkinson,Corporate
ZZXDL-1331500000,Delfina Latchford,Consumer
ZZXBG-1103500000,Barry Gonzalez,Consumer
ZZXCS-1225000000,Chris Selesnick,Corporate
ZZXBD-1172500000,Bruce Degenhardt,Consumer
ZZXJW-607500000,Julia West,Consumer
ZZXCR-258000000,Clay Rozendal,Home Office
ZZXMH-1729000000,Marc Harrigan,Home Office
ZZXAR-34500000,Alex Russell,Corporate
ZZXDG-330000000,Deirdre Greer,Corporate
ZZXTR-2132500000,Toby Ritter,Consumer
ZZXCC-1268500000,Craig Carroll,Consumer
ZZXCS-184500000,Cari Sayre,Corporate
ZZXON-1871500000,Odella Nelson,Corporate
ZZXAJ-1096000000,Astrea Jones,Consumer
ZZXCC-1261000000,Corey Catlett,Corporate
ZZXGA-472500000,Guy Armstrong,Consumer
ZZXDB-355500000,Dorothy Badders,Corporate
ZZXWB-1185000000,William Brown,Consumer
ZZXRB-1946500000,Rick Bensley,Home Office
ZZXBE-1145500000,Brad Eason,Home Office
ZZXAM-36000000,Alice McCarthy,Corporate
ZZXRS-1987000000,Roy Skaria,Home Office
ZZXCL-1270000000,Craig Leslie,Home Office
ZZXME-732000000,Maria Etezadi,Home Office
ZZXBE-133500000,Bill Eplett,Home Office
ZZXKM-1666000000,Khloe Miller,Consumer
ZZXSJ-1050000000,Shirley Jackson,Consumer
ZZXBO-1142500000,Bobby Odegard,Consumer
ZZXYS-1188000000,Yana Sorensen,Corporate
ZZXYC-1189500000,Yoseph Carroll,Corporate
ZZXPB-1915000000,Philip Brown,Consumer
ZZXAJ-1094500000,Ashley Jarboe,Consumer
ZZXIM-505500000,Ionia McGrath,Consumer
ZZXTB-1105500000,Ted Butterfield,Consumer
ZZXLP-1708000000,Liz Pelletier,Consumer
ZZXMH-1762000000,Matt Hagelstein,Corporate
ZZXDW-1348000000,Dianna Wilson,Home Office
ZZXPF-912000000,Peter Fuller,Consumer
ZZXJH-1582000000,John Huston,Consumer
ZZXTC-2129500000,Toby Carlisle,Consumer
ZZXSS-1059000000,Sonia Sunley,Consumer
ZZXLH-702000000,Lisa Hazard,Consumer
ZZXMC-1813000000,Mike Caudle,Corporate
ZZXMR-754500000,Mathew Reese,Home Office
ZZXLH-1690000000,Lena Hernandez,Consumer
ZZXCP-1208500000,Cathy Prescott,Corporate
ZZXKL-655500000,Kelly Lampkin,Corporate
ZZXGZ-1454500000,George Zrebassa,Corporate
ZZXMP-817500000,Mike Pelletier,Home Office
ZZXJM-619500000,Justin MacKendrick,Consumer
ZZXRB-970500000,Roger Barcio,Home Office
ZZXBD-1160500000,Brian Dahlen,Consumer
ZZXCS-1246000000,Chuck Sachs,Consumer
ZZXTW-2102500000,Tamara Willingham,Home Office
ZZXAR-40500000,Allen Rosenblatt,Corporate
ZZXFO-1430500000,Frank Olsen,Consumer
ZZXJH-543000000,Jennifer Halladay,Consumer
ZZXHG-484500000,Harry Greene,Consumer
ZZXAH-12000000,Adrian Hane,Home Office
ZZXBP-1115500000,Becky Pak,Consumer
ZZXDK-1337500000,Dennis Kane,Consumer
ZZXSN-2071000000,Steve Nguyen,Home Office
